timestamp,elapsed_sec,posture_type,fatigue_label,fatigue_probability
2026-05-16 18:41:35,2,Forward Head,Normal,0.0
2026-05-16 18:41:36,3,Asymmetric,Normal,0.0
2026-05-16 18:41:36,3,Asymmetric,Normal,0.0
2026-05-16 18:41:37,4,Forward Head,Normal,0.0
2026-05-16 18:41:37,4,Asymmetric,Normal,0.0
2026-05-16 18:41:38,5,Asymmetric,Normal,0.0
2026-05-16 18:41:38,5,Optimal,Normal,0.0
2026-05-16 18:41:39,6,Asymmetric,Normal,0.0
2026-05-16 18:41:39,7,Asymmetric,Normal,0.0
2026-05-16 18:41:40,7,Chin Propping,Normal,0.0
2026-05-16 18:41:40,8,Forward Head,Normal,0.0
2026-05-16 18:41:41,8,Asymmetric,Normal,0.0
2026-05-16 18:41:41,9,Forward Head,Normal,0.0
2026-05-16 18:41:42,9,Asymmetric,Normal,0.0
2026-05-16 18:41:42,10,Forward Head,Normal,0.0
2026-05-16 18:41:43,10,Forward Head,Normal,0.0
2026-05-16 18:41:43,11,Chin Propping,Normal,0.0
2026-05-16 18:41:44,11,Chin Propping,Normal,0.0
2026-05-16 18:41:44,12,Chin Propping,Normal,0.0
2026-05-16 18:41:45,12,Chin Propping,Normal,0.0
2026-05-16 18:41:46,13,Chin Propping,Normal,0.0
2026-05-16 18:41:46,13,Asymmetric,Normal,0.0
2026-05-16 18:41:47,14,Asymmetric,Normal,0.0
2026-05-16 18:41:47,14,Asymmetric,Normal,0.0
2026-05-16 18:41:48,15,Asymmetric,Normal,0.0
2026-05-16 18:41:48,15,Asymmetric,Normal,0.0
2026-05-16 18:41:49,16,Asymmetric,Normal,0.0
2026-05-16 18:41:49,16,Asymmetric,Normal,0.0
2026-05-16 18:41:50,17,Asymmetric,Normal,0.0
2026-05-16 18:41:50,17,Asymmetric,Normal,0.0
2026-05-16 18:41:51,18,Optimal,Normal,0.0
2026-05-16 18:41:51,19,Chin Propping,Normal,0.0
2026-05-16 18:41:52,19,Optimal,Normal,0.0
2026-05-16 18:41:52,20,Optimal,Normal,0.0
2026-05-16 18:41:53,20,Asymmetric,Normal,0.0
2026-05-16 18:41:53,21,Optimal,Normal,0.0
2026-05-16 18:41:54,21,Optimal,Normal,0.0
2026-05-16 18:41:54,22,Optimal,Normal,0.0
2026-05-16 18:41:55,22,Asymmetric,Normal,0.0
2026-05-16 18:41:55,23,Forward Head,Normal,0.0
2026-05-16 18:41:56,23,Forward Head,Normal,0.0
2026-05-16 18:41:56,24,Optimal,Normal,0.0
2026-05-16 18:41:57,24,Optimal,Normal,0.0
2026-05-16 18:41:57,25,Optimal,Normal,0.0
2026-05-16 18:41:58,25,Optimal,Normal,0.0
2026-05-16 18:41:59,26,Optimal,Normal,0.0
2026-05-16 18:41:59,26,Optimal,Normal,0.0
2026-05-16 18:43:42,0,Optimal,Normal,0.0
2026-05-16 18:43:43,0,Optimal,Normal,0.0
2026-05-16 18:43:43,1,Optimal,Normal,0.0
2026-05-16 18:43:44,1,Optimal,Normal,0.0
2026-05-16 18:43:44,2,Optimal,Normal,0.0
2026-05-16 18:43:45,2,Optimal,Normal,0.0
2026-05-16 18:43:45,3,Optimal,Normal,0.0
2026-05-16 18:43:46,3,Optimal,Normal,0.0
2026-05-16 18:43:46,4,Optimal,Normal,0.0
2026-05-16 18:43:47,4,Optimal,Normal,0.0
2026-05-16 18:43:47,5,Optimal,Normal,0.0
2026-05-16 18:43:48,5,Optimal,Normal,0.0
2026-05-16 18:43:48,6,Optimal,Normal,0.0
2026-05-16 18:43:49,6,Optimal,Normal,0.0
2026-05-16 18:43:49,7,Optimal,Normal,0.0
2026-05-16 18:43:50,7,Forward Head,Normal,0.0
2026-05-16 18:43:50,8,Forward Head,Normal,0.0
2026-05-16 18:43:51,8,Forward Head,Normal,0.0
2026-05-16 18:43:51,9,Forward Head,Normal,0.0
2026-05-16 18:43:52,9,Forward Head,Normal,0.0
2026-05-16 18:43:52,10,Forward Head,Normal,0.0
2026-05-16 18:43:53,10,Forward Head,Normal,0.0
2026-05-16 18:43:53,11,Forward Head,Normal,0.0
2026-05-16 18:43:54,11,Forward Head,Normal,0.0
2026-05-16 18:43:55,12,Forward Head,Normal,0.0
2026-05-16 18:43:55,12,Forward Head,Normal,0.0
2026-05-16 18:43:56,13,Forward Head,Normal,0.0
2026-05-16 18:43:56,14,Optimal,Normal,0.0
2026-05-16 18:43:57,14,Asymmetric,Normal,0.0
2026-05-16 18:43:57,15,Asymmetric,Normal,0.0
2026-05-16 18:43:58,15,Forward Head,Normal,0.0
2026-05-16 18:43:58,16,Optimal,Normal,0.0
2026-05-16 18:43:59,16,Optimal,Normal,0.0
2026-05-16 18:43:59,17,Optimal,Normal,0.0
2026-05-16 18:44:00,17,Forward Head,Normal,0.0
2026-05-16 18:44:00,18,Chin Propping,Normal,0.0
2026-05-16 18:44:01,18,Chin Propping,Normal,0.0
2026-05-16 18:44:01,19,Chin Propping,Normal,0.0
2026-05-16 18:44:02,19,Chin Propping,Normal,0.0
2026-05-16 18:44:02,20,Chin Propping,Normal,0.0
2026-05-16 18:44:03,20,Chin Propping,Normal,0.0
2026-05-16 18:44:03,21,Chin Propping,Normal,0.0
2026-05-16 18:44:04,21,Chin Propping,Normal,0.0
2026-05-16 18:44:04,22,Chin Propping,Normal,0.0
2026-05-16 18:44:05,22,Chin Propping,Normal,0.0
2026-05-16 18:44:05,23,Chin Propping,Normal,0.0
2026-05-16 18:44:06,23,Chin Propping,Normal,0.0
2026-05-16 18:44:07,24,Chin Propping,Normal,0.0
2026-05-16 18:44:07,24,Chin Propping,Normal,0.0
2026-05-16 18:44:08,25,Chin Propping,Normal,0.0
2026-05-16 18:44:08,26,Chin Propping,Normal,0.0
2026-05-16 18:44:09,26,Chin Propping,Normal,0.0
2026-05-16 18:44:09,27,Chin Propping,Normal,0.0
2026-05-16 18:44:10,27,Chin Propping,Normal,0.0
2026-05-16 18:44:10,28,Forward Head,Normal,0.0
2026-05-16 18:44:11,28,Optimal,Normal,0.0
2026-05-16 18:44:11,29,Optimal,Normal,0.0
2026-05-16 18:44:12,29,Optimal,Normal,0.0
2026-05-16 18:44:12,30,Optimal,Drowsy,0.710956871509552
2026-05-16 18:44:13,30,Optimal,Drowsy,0.710956871509552
2026-05-16 18:44:13,31,Optimal,Drowsy,0.710956871509552
2026-05-16 18:44:14,31,Optimal,Drowsy,0.710956871509552
2026-05-16 18:44:14,32,Optimal,Drowsy,0.710956871509552
2026-05-16 18:44:15,32,Optimal,Drowsy,0.710956871509552
2026-05-16 18:44:15,33,Optimal,Drowsy,0.710956871509552
2026-05-16 18:44:16,33,Optimal,Drowsy,0.710956871509552
2026-05-16 18:49:50,0,Optimal,Normal,0.0
2026-05-16 18:49:50,0,Optimal,Normal,0.0
2026-05-16 18:49:51,1,Optimal,Normal,0.0
2026-05-16 18:49:51,1,Optimal,Normal,0.0
2026-05-16 18:49:52,2,Optimal,Normal,0.0
2026-05-16 18:49:52,2,Optimal,Normal,0.0
2026-05-16 18:49:53,3,Optimal,Normal,0.0
2026-05-16 18:49:53,3,Asymmetric,Normal,0.0
2026-05-16 18:49:54,4,Forward Head,Normal,0.0
2026-05-16 18:49:54,4,Forward Head,Normal,0.0
2026-05-16 18:49:55,5,Forward Head,Normal,0.0
2026-05-16 18:49:55,5,Asymmetric,Normal,0.0
2026-05-16 18:49:56,6,Asymmetric,Normal,0.0
2026-05-16 18:49:56,6,Asymmetric,Normal,0.0
2026-05-16 18:49:57,7,Optimal,Normal,0.0
2026-05-16 18:49:57,7,Optimal,Normal,0.0
2026-05-16 18:49:58,8,Asymmetric,Normal,0.0
2026-05-16 18:49:58,8,Asymmetric,Normal,0.0
2026-05-16 18:49:59,9,Asymmetric,Normal,0.0
2026-05-16 18:49:59,9,Asymmetric,Normal,0.0
2026-05-16 18:50:00,10,Asymmetric,Normal,0.0
2026-05-16 18:50:00,10,Asymmetric,Normal,0.0
2026-05-16 18:50:01,11,Asymmetric,Normal,0.0
2026-05-16 18:50:01,11,Chin Propping,Normal,0.0
2026-05-16 18:50:02,12,Chin Propping,Normal,0.0
2026-05-16 18:50:03,12,Chin Propping,Normal,0.0
2026-05-16 18:50:03,13,Chin Propping,Normal,0.0
2026-05-16 18:50:04,14,Chin Propping,Normal,0.0
2026-05-16 18:50:04,14,Chin Propping,Normal,0.0
2026-05-16 18:50:05,15,Chin Propping,Normal,0.0
2026-05-16 18:50:05,15,Chin Propping,Normal,0.0
2026-05-16 18:50:06,16,Chin Propping,Normal,0.0
2026-05-16 18:50:06,16,Optimal,Normal,0.0
2026-05-16 18:50:07,17,Asymmetric,Normal,0.0
2026-05-16 18:50:07,17,Asymmetric,Normal,0.0
2026-05-16 18:50:08,18,Asymmetric,Normal,0.0
2026-05-16 18:50:08,18,Asymmetric,Normal,0.0
2026-05-16 18:50:09,19,Asymmetric,Normal,0.0
2026-05-16 18:50:09,19,Asymmetric,Normal,0.0
2026-05-16 18:50:10,20,Asymmetric,Normal,0.0
2026-05-16 18:50:10,20,Asymmetric,Normal,0.0
2026-05-16 18:50:11,21,Asymmetric,Normal,0.0
2026-05-16 18:50:11,21,Asymmetric,Normal,0.0
2026-05-16 18:50:12,22,Asymmetric,Normal,0.0
2026-05-16 18:50:13,22,Asymmetric,Normal,0.0
2026-05-16 18:50:13,23,Asymmetric,Normal,0.0
2026-05-16 18:50:14,24,Optimal,Normal,0.0
2026-05-16 18:50:14,24,Optimal,Normal,0.0
2026-05-16 18:50:15,25,Optimal,Normal,0.0
2026-05-16 18:50:15,25,Optimal,Normal,0.0
2026-05-16 18:50:16,26,Optimal,Normal,0.0
2026-05-16 18:50:16,26,Optimal,Normal,0.0
2026-05-16 18:50:17,27,Optimal,Normal,0.0
2026-05-16 18:50:17,27,Optimal,Normal,0.0
2026-05-16 18:50:18,28,Optimal,Normal,0.0
2026-05-16 18:50:18,28,Optimal,Normal,0.0
2026-05-16 18:50:19,29,Optimal,Normal,0.0
2026-05-16 18:50:19,29,Optimal,Normal,0.0
2026-05-16 18:50:20,30,Optimal,Drowsy,0.6257128715515137
2026-05-16 18:50:20,30,Optimal,Drowsy,0.6257128715515137
2026-05-16 18:50:21,31,Optimal,Drowsy,0.6257128715515137
2026-05-16 18:50:21,31,Asymmetric,Drowsy,0.6257128715515137
2026-05-16 18:50:22,32,Asymmetric,Drowsy,0.6257128715515137
2026-05-16 18:50:22,32,Asymmetric,Drowsy,0.6257128715515137
2026-05-16 18:50:23,33,Asymmetric,Drowsy,0.6257128715515137
2026-05-16 18:50:24,33,Asymmetric,Drowsy,0.6257128715515137
2026-05-16 18:50:24,34,Asymmetric,Drowsy,0.6257128715515137
2026-05-16 18:50:25,35,Asymmetric,Drowsy,0.6257128715515137
2026-05-16 18:50:25,35,Optimal,Drowsy,0.6257128715515137
2026-05-16 18:50:26,36,Optimal,Drowsy,0.6257128715515137
2026-05-16 18:50:26,36,Optimal,Drowsy,0.6257128715515137
2026-05-16 18:50:27,37,Optimal,Drowsy,0.6257128715515137
2026-05-16 18:50:27,37,Optimal,Drowsy,0.6257128715515137
2026-05-16 18:50:28,38,Optimal,Drowsy,0.6257128715515137
2026-05-16 18:50:28,38,Optimal,Drowsy,0.6257128715515137
2026-05-16 18:50:29,39,Optimal,Drowsy,0.6257128715515137
2026-05-16 18:50:29,39,Optimal,Drowsy,0.6257128715515137
2026-05-16 18:50:30,40,Optimal,Drowsy,0.6257128715515137
2026-05-16 18:50:30,40,Forward Head,Drowsy,0.6257128715515137
2026-05-16 18:50:31,41,Asymmetric,Drowsy,0.6257128715515137
2026-05-16 18:50:31,41,Asymmetric,Drowsy,0.6257128715515137
2026-05-16 18:50:32,42,Forward Head,Drowsy,0.6257128715515137
2026-05-16 18:50:32,42,Forward Head,Drowsy,0.6257128715515137
2026-05-16 18:50:33,43,Forward Head,Drowsy,0.6257128715515137
2026-05-16 18:50:33,43,Forward Head,Drowsy,0.6257128715515137
2026-05-16 18:50:34,44,Forward Head,Drowsy,0.6257128715515137
2026-05-16 18:50:35,44,Forward Head,Drowsy,0.6257128715515137
2026-05-16 18:50:35,45,Forward Head,Drowsy,0.6257128715515137
2026-05-16 18:50:36,46,Asymmetric,Drowsy,0.6257128715515137
2026-05-16 18:50:36,46,Asymmetric,Drowsy,0.6257128715515137
2026-05-16 18:50:37,47,Forward Head,Drowsy,0.6257128715515137
2026-05-16 18:50:37,47,Forward Head,Drowsy,0.6257128715515137
2026-05-16 18:50:38,48,Asymmetric,Drowsy,0.6257128715515137
2026-05-16 18:50:38,48,Asymmetric,Drowsy,0.6257128715515137
2026-05-16 18:50:39,49,Asymmetric,Drowsy,0.6257128715515137
2026-05-16 18:50:39,49,Forward Head,Drowsy,0.6257128715515137
2026-05-16 18:50:40,50,Forward Head,Drowsy,0.6257128715515137
2026-05-16 18:50:40,50,Asymmetric,Drowsy,0.6257128715515137
2026-05-16 18:50:41,51,Forward Head,Drowsy,0.6257128715515137
2026-05-16 18:50:41,51,Forward Head,Drowsy,0.6257128715515137
2026-05-16 18:50:42,52,Forward Head,Drowsy,0.6257128715515137
2026-05-16 18:50:42,52,Forward Head,Drowsy,0.6257128715515137
2026-05-16 18:50:43,53,Asymmetric,Drowsy,0.6257128715515137
2026-05-16 18:50:43,53,Asymmetric,Drowsy,0.6257128715515137
2026-05-16 18:50:44,54,Forward Head,Drowsy,0.6257128715515137
2026-05-16 18:50:45,54,Forward Head,Drowsy,0.6257128715515137
2026-05-16 19:07:09,0,Optimal,Normal,0.0
2026-05-16 19:07:10,0,Optimal,Normal,0.0
2026-05-16 19:07:10,1,Optimal,Normal,0.0
2026-05-16 19:07:11,1,Optimal,Normal,0.0
2026-05-16 19:07:11,2,Optimal,Normal,0.0
2026-05-16 19:07:12,2,Optimal,Normal,0.0
2026-05-16 19:07:13,3,Asymmetric,Normal,0.0
2026-05-16 19:07:13,3,Asymmetric,Normal,0.0
2026-05-16 19:07:14,4,Asymmetric,Normal,0.0
2026-05-16 19:07:14,4,Asymmetric,Normal,0.0
2026-05-16 19:07:15,5,Asymmetric,Normal,0.0
2026-05-16 19:07:15,5,Asymmetric,Normal,0.0
2026-05-16 19:07:16,6,Asymmetric,Normal,0.0
2026-05-16 19:07:16,6,Asymmetric,Normal,0.0
2026-05-16 19:07:17,7,Asymmetric,Normal,0.0
2026-05-16 19:07:17,7,Asymmetric,Normal,0.0
2026-05-16 19:07:18,8,Asymmetric,Normal,0.0
2026-05-16 19:07:18,8,Asymmetric,Normal,0.0
2026-05-16 19:07:19,9,Asymmetric,Normal,0.0
2026-05-16 19:07:19,10,Asymmetric,Normal,0.0
2026-05-16 19:07:20,10,Asymmetric,Normal,0.0
2026-05-16 19:07:20,11,Asymmetric,Normal,0.0
2026-05-16 19:07:21,11,Asymmetric,Normal,0.0
2026-05-16 19:07:21,12,Optimal,Normal,0.0
2026-05-16 19:07:22,12,Optimal,Normal,0.0
2026-05-16 19:07:23,13,Optimal,Normal,0.0
2026-05-16 19:07:23,13,Asymmetric,Normal,0.0
2026-05-16 19:07:24,14,Asymmetric,Normal,0.0
2026-05-16 19:07:24,14,Asymmetric,Normal,0.0
2026-05-16 19:07:25,15,Asymmetric,Normal,0.0
2026-05-16 19:07:25,15,Optimal,Normal,0.0
2026-05-16 19:07:26,16,Optimal,Normal,0.0
2026-05-16 19:07:26,16,Optimal,Normal,0.0
2026-05-16 19:07:27,17,Optimal,Normal,0.0
2026-05-16 19:07:27,17,Asymmetric,Normal,0.0
2026-05-16 19:07:28,18,Optimal,Normal,0.0
2026-05-16 19:07:28,18,Optimal,Normal,0.0
2026-05-16 19:07:29,19,Optimal,Normal,0.0
2026-05-16 19:07:29,20,Optimal,Normal,0.0
2026-05-16 19:07:30,20,Optimal,Normal,0.0
2026-05-16 19:07:30,21,Optimal,Normal,0.0
2026-05-16 19:07:31,21,Optimal,Normal,0.0
2026-05-16 19:07:31,22,Optimal,Normal,0.0
2026-05-16 19:07:32,22,Optimal,Normal,0.0
2026-05-16 19:07:33,23,Optimal,Normal,0.0
2026-05-16 19:07:33,23,Optimal,Normal,0.0
2026-05-16 19:07:34,24,Optimal,Normal,0.0
2026-05-16 19:07:34,24,Optimal,Normal,0.0
2026-05-16 19:07:35,25,Optimal,Normal,0.0
2026-05-16 19:07:35,25,Optimal,Normal,0.0
2026-05-16 19:07:36,26,Optimal,Normal,0.0
2026-05-16 19:07:36,26,Optimal,Normal,0.0
2026-05-16 19:07:37,27,Optimal,Normal,0.0
2026-05-16 19:07:37,27,Optimal,Normal,0.0
2026-05-16 19:07:38,28,Optimal,Normal,0.0
2026-05-16 19:07:38,28,Optimal,Normal,0.0
2026-05-16 19:07:39,29,Optimal,Normal,0.0
2026-05-16 19:07:39,30,Optimal,Drowsy,0.8243670463562012
2026-05-16 19:07:40,30,Optimal,Drowsy,0.8243670463562012
2026-05-16 19:07:40,31,Optimal,Drowsy,0.8243670463562012
2026-05-16 19:07:41,31,Optimal,Drowsy,0.8243670463562012
2026-05-16 19:07:41,32,Optimal,Drowsy,0.8243670463562012
2026-05-16 19:07:42,32,Optimal,Drowsy,0.8243670463562012
2026-05-16 19:07:42,33,Asymmetric,Drowsy,0.8243670463562012
2026-05-16 19:07:43,33,Asymmetric,Drowsy,0.8243670463562012
2026-05-16 19:07:44,34,Asymmetric,Drowsy,0.8243670463562012
2026-05-16 19:07:44,34,Asymmetric,Drowsy,0.8243670463562012
2026-05-16 19:07:45,35,Asymmetric,Drowsy,0.8243670463562012
2026-05-16 19:07:45,35,Asymmetric,Drowsy,0.8243670463562012
2026-05-16 19:07:46,36,Asymmetric,Drowsy,0.8243670463562012
2026-05-16 19:07:46,36,Asymmetric,Drowsy,0.8243670463562012
2026-05-16 19:07:47,37,Asymmetric,Drowsy,0.8243670463562012
2026-05-16 19:07:47,37,Asymmetric,Drowsy,0.8243670463562012
2026-05-16 19:07:48,38,Asymmetric,Drowsy,0.8243670463562012
2026-05-16 19:07:48,38,Asymmetric,Drowsy,0.8243670463562012
2026-05-16 19:07:49,39,Asymmetric,Drowsy,0.8243670463562012
2026-05-16 19:07:49,39,Asymmetric,Drowsy,0.8243670463562012
2026-05-16 19:07:50,40,Asymmetric,Drowsy,0.8243670463562012
2026-05-16 19:07:50,41,Asymmetric,Drowsy,0.8243670463562012
2026-05-16 19:07:51,41,Asymmetric,Drowsy,0.8243670463562012
2026-05-16 19:07:51,42,Asymmetric,Drowsy,0.8243670463562012
2026-05-16 19:07:52,42,Asymmetric,Drowsy,0.8243670463562012
2026-05-16 19:07:52,43,Asymmetric,Drowsy,0.8243670463562012
2026-05-16 19:07:53,43,Asymmetric,Drowsy,0.8243670463562012
2026-05-16 19:07:53,44,Asymmetric,Drowsy,0.8243670463562012
2026-05-16 19:07:54,44,Chin Propping,Drowsy,0.8243670463562012
2026-05-16 19:07:55,45,Asymmetric,Drowsy,0.8243670463562012
2026-05-16 19:07:55,45,Chin Propping,Drowsy,0.8243670463562012
2026-05-16 19:07:56,46,Asymmetric,Drowsy,0.8243670463562012
2026-05-16 19:07:56,46,Asymmetric,Drowsy,0.8243670463562012
2026-05-16 19:07:57,47,Asymmetric,Drowsy,0.8243670463562012
2026-05-16 19:07:57,47,Asymmetric,Drowsy,0.8243670463562012
2026-05-16 19:07:58,48,Forward Head,Drowsy,0.8243670463562012
2026-05-16 19:07:58,48,Forward Head,Drowsy,0.8243670463562012
2026-05-16 19:07:59,49,Forward Head,Drowsy,0.8243670463562012
2026-05-16 19:07:59,49,Asymmetric,Drowsy,0.8243670463562012
2026-05-16 19:08:00,50,Forward Head,Drowsy,0.8243670463562012
2026-05-16 19:08:00,51,Forward Head,Drowsy,0.8243670463562012
2026-05-16 19:08:01,51,Forward Head,Drowsy,0.8243670463562012
2026-05-16 19:08:01,52,Forward Head,Drowsy,0.8243670463562012
2026-05-16 19:08:02,52,Forward Head,Drowsy,0.8243670463562012
2026-05-16 19:08:02,53,Asymmetric,Drowsy,0.8243670463562012
2026-05-16 19:08:03,53,Asymmetric,Drowsy,0.8243670463562012
2026-05-16 19:08:04,54,Asymmetric,Drowsy,0.8243670463562012
2026-05-16 19:08:04,54,Asymmetric,Drowsy,0.8243670463562012
2026-05-16 19:08:05,55,Asymmetric,Drowsy,0.8243670463562012
2026-05-16 19:08:05,55,Asymmetric,Drowsy,0.8243670463562012
2026-05-16 19:11:21,0,Forward Head,Normal,0.0
2026-05-16 19:11:22,0,Asymmetric,Normal,0.0
2026-05-16 19:11:22,1,Asymmetric,Normal,0.0
2026-05-16 19:11:23,1,Asymmetric,Normal,0.0
2026-05-16 19:11:23,2,Asymmetric,Normal,0.0
2026-05-16 19:13:55,0,Asymmetric,Normal,0.0
2026-05-16 19:13:55,0,Asymmetric,Normal,0.0
2026-05-16 19:13:56,1,Asymmetric,Normal,0.0
2026-05-16 19:13:56,1,Asymmetric,Normal,0.0
2026-05-16 19:13:57,2,Asymmetric,Normal,0.0
2026-05-16 19:13:57,2,Asymmetric,Normal,0.0
2026-05-16 19:13:58,3,Asymmetric,Normal,0.0
2026-05-16 19:13:58,3,Asymmetric,Normal,0.0
2026-05-16 19:13:59,4,Asymmetric,Normal,0.0
2026-05-16 19:14:00,4,Asymmetric,Normal,0.0
2026-05-16 19:14:00,5,Asymmetric,Normal,0.0
2026-05-16 19:14:01,5,Asymmetric,Normal,0.0
2026-05-16 19:14:01,6,Forward Head,Normal,0.0
2026-05-16 19:14:02,7,Asymmetric,Normal,0.0
2026-05-16 19:14:02,7,Asymmetric,Normal,0.0
2026-05-16 19:14:03,8,Asymmetric,Normal,0.0
2026-05-16 19:14:03,8,Asymmetric,Normal,0.0
2026-05-16 19:14:04,9,Asymmetric,Normal,0.0
2026-05-16 19:14:04,9,Asymmetric,Normal,0.0
2026-05-16 19:14:05,10,Optimal,Normal,0.0
2026-05-16 19:14:05,10,Optimal,Normal,0.0
2026-05-16 19:14:06,11,Asymmetric,Normal,0.0
2026-05-16 19:14:06,11,Asymmetric,Normal,0.0
2026-05-16 19:14:07,12,Asymmetric,Normal,0.0
2026-05-16 19:14:07,12,Asymmetric,Normal,0.0
2026-05-16 19:14:08,13,Asymmetric,Normal,0.0
2026-05-16 19:14:08,13,Asymmetric,Normal,0.0
2026-05-16 19:14:09,14,Asymmetric,Normal,0.0
2026-05-16 19:14:09,14,Asymmetric,Normal,0.0
2026-05-16 19:14:10,15,Asymmetric,Normal,0.0
2026-05-16 19:14:10,15,Asymmetric,Normal,0.0
2026-05-16 19:14:11,16,Optimal,Normal,0.0
2026-05-16 19:14:12,16,Optimal,Normal,0.0
2026-05-16 19:14:12,17,Asymmetric,Normal,0.0
2026-05-16 19:14:13,17,Asymmetric,Normal,0.0
2026-05-16 19:14:13,18,Asymmetric,Normal,0.0
2026-05-16 19:14:14,18,Asymmetric,Normal,0.0
2026-05-16 19:14:14,19,Asymmetric,Normal,0.0
2026-05-16 19:14:15,19,Asymmetric,Normal,0.0
2026-05-16 19:14:57,0,Optimal,Normal,0.0
2026-05-16 19:14:58,0,Optimal,Normal,0.0
2026-05-16 19:14:58,1,Optimal,Normal,0.0
2026-05-16 19:14:59,1,Optimal,Normal,0.0
2026-05-16 19:14:59,2,Optimal,Normal,0.0
2026-05-16 19:15:00,2,Asymmetric,Normal,0.0
2026-05-16 19:15:00,3,Asymmetric,Normal,0.0
2026-05-16 19:15:01,3,Asymmetric,Normal,0.0
2026-05-16 19:15:01,4,Asymmetric,Normal,0.0
2026-05-16 19:15:02,4,Forward Head,Normal,0.0
2026-05-16 19:15:02,5,Forward Head,Normal,0.0
2026-05-16 19:15:03,5,Forward Head,Normal,0.0
2026-05-16 19:15:03,6,Forward Head,Normal,0.0
2026-05-16 19:15:04,6,Forward Head,Normal,0.0
2026-05-16 19:15:04,7,Asymmetric,Normal,0.0
2026-05-16 19:15:05,7,Asymmetric,Normal,0.0
2026-05-16 19:15:05,8,Optimal,Normal,0.0
2026-05-16 19:15:06,8,Forward Head,Normal,0.0
2026-05-16 19:15:07,9,Optimal,Normal,0.0
2026-05-16 19:15:07,9,Optimal,Normal,0.0
2026-05-16 19:15:08,10,Optimal,Normal,0.0
2026-05-16 19:15:08,10,Optimal,Normal,0.0
2026-05-16 19:15:09,11,Chin Propping,Normal,0.0
2026-05-16 19:15:09,11,Chin Propping,Normal,0.0
2026-05-16 19:15:10,12,Chin Propping,Normal,0.0
2026-05-16 19:15:10,13,Chin Propping,Normal,0.0
2026-05-16 19:15:11,13,Chin Propping,Normal,0.0
2026-05-16 19:15:11,14,Chin Propping,Normal,0.0
2026-05-16 19:15:12,14,Forward Head,Normal,0.0
2026-05-16 19:15:12,15,Forward Head,Normal,0.0
2026-05-16 19:15:13,15,Forward Head,Normal,0.0
2026-05-16 19:15:13,16,Forward Head,Normal,0.0
2026-05-16 19:15:14,16,Optimal,Normal,0.0
2026-05-16 19:15:14,17,Optimal,Normal,0.0
2026-05-16 19:15:15,17,Optimal,Normal,0.0
2026-05-16 19:15:15,18,Optimal,Normal,0.0
2026-05-16 19:15:16,18,Optimal,Normal,0.0
2026-05-16 19:15:16,19,Asymmetric,Normal,0.0
2026-05-16 19:15:17,19,Asymmetric,Normal,0.0
2026-05-16 19:15:18,20,Optimal,Normal,0.0
2026-05-16 19:15:18,20,Forward Head,Normal,0.0
2026-05-16 19:15:19,21,Forward Head,Normal,0.0
2026-05-16 19:15:19,21,Forward Head,Normal,0.0
2026-05-16 19:15:20,22,Forward Head,Normal,0.0
2026-05-16 19:15:20,23,Forward Head,Normal,0.0
2026-05-16 19:15:21,23,Forward Head,Normal,0.0
2026-05-16 19:15:21,24,Optimal,Normal,0.0
2026-05-16 19:15:22,24,Optimal,Normal,0.0
2026-05-16 19:15:22,25,Optimal,Normal,0.0
2026-05-16 19:15:23,25,Optimal,Normal,0.0
2026-05-16 19:15:23,26,Chin Propping,Normal,0.0
2026-05-16 19:15:24,26,Forward Head,Normal,0.0
2026-05-16 19:15:24,27,Forward Head,Normal,0.0
2026-05-16 19:15:25,27,Optimal,Normal,0.0
2026-05-16 19:15:25,28,Optimal,Normal,0.0
2026-05-16 19:15:26,28,Forward Head,Normal,0.0
2026-05-16 19:15:26,29,Optimal,Normal,0.0
2026-05-16 19:15:27,29,Optimal,Normal,0.0
2026-05-16 19:15:27,30,Optimal,Drowsy,0.900587797164917
2026-05-16 19:15:28,30,Optimal,Drowsy,0.900587797164917
2026-05-16 19:15:28,31,Optimal,Drowsy,0.900587797164917
2026-05-16 19:15:52,0,Optimal,Normal,0.0
2026-05-16 19:15:53,0,Optimal,Normal,0.0
2026-05-16 19:15:53,1,Optimal,Normal,0.0
2026-05-16 19:15:54,1,Optimal,Normal,0.0
2026-05-16 19:15:55,2,Optimal,Normal,0.0
2026-05-16 19:15:55,2,Optimal,Normal,0.0
2026-05-16 19:15:56,3,Optimal,Normal,0.0
2026-05-16 19:15:56,3,Optimal,Normal,0.0
2026-05-16 19:15:57,4,Optimal,Normal,0.0
2026-05-16 19:15:57,4,Optimal,Normal,0.0
2026-05-16 19:15:58,5,Optimal,Normal,0.0
2026-05-16 19:15:58,5,Optimal,Normal,0.0
2026-05-16 19:15:59,6,Optimal,Normal,0.0
2026-05-16 19:15:59,6,Optimal,Normal,0.0
2026-05-16 19:16:00,7,Optimal,Normal,0.0
2026-05-16 19:16:00,7,Optimal,Normal,0.0
2026-05-16 19:16:01,8,Optimal,Normal,0.0
2026-05-16 19:16:01,8,Optimal,Normal,0.0
2026-05-16 19:16:02,9,Optimal,Normal,0.0
2026-05-16 19:16:02,9,Optimal,Normal,0.0
2026-05-16 19:16:03,10,Optimal,Normal,0.0
2026-05-16 19:16:03,11,Optimal,Normal,0.0
2026-05-16 19:16:04,11,Optimal,Normal,0.0
2026-05-16 19:16:04,12,Optimal,Normal,0.0
2026-05-16 19:16:05,12,Optimal,Normal,0.0
2026-05-16 19:30:14,0,Optimal,Normal,0.0
2026-05-16 19:30:15,0,Optimal,Normal,0.0
2026-05-16 19:30:15,1,Optimal,Normal,0.0
2026-05-16 19:30:16,1,Optimal,Normal,0.0
2026-05-16 19:30:16,2,Optimal,Normal,0.0
2026-05-16 19:30:17,2,Asymmetric,Normal,0.0
2026-05-16 19:30:18,3,Asymmetric,Normal,0.0
2026-05-16 19:30:18,3,Asymmetric,Normal,0.0
2026-05-16 19:30:19,4,Asymmetric,Normal,0.0
2026-05-16 19:30:19,4,Asymmetric,Normal,0.0
2026-05-16 19:30:20,5,Asymmetric,Normal,0.0
2026-05-16 19:30:20,5,Asymmetric,Normal,0.0
2026-05-16 19:30:21,6,Chin Propping,Normal,0.0
2026-05-16 19:30:21,6,Chin Propping,Normal,0.0
2026-05-16 19:30:22,7,Chin Propping,Normal,0.0
2026-05-16 19:30:22,7,Chin Propping,Normal,0.0
2026-05-16 19:30:23,8,Chin Propping,Normal,0.0
2026-05-16 19:30:23,8,Chin Propping,Normal,0.0
2026-05-16 19:30:24,9,Asymmetric,Normal,0.0
2026-05-16 19:30:24,10,Optimal,Normal,0.0
2026-05-16 19:30:25,10,Optimal,Normal,0.0
2026-05-16 19:30:25,11,Optimal,Normal,0.0
2026-05-16 19:30:26,11,Optimal,Normal,0.0
2026-05-16 19:30:26,12,Optimal,Normal,0.0
2026-05-16 19:30:27,12,Optimal,Normal,0.0
2026-05-16 19:30:28,13,Chin Propping,Normal,0.0
2026-05-16 19:30:28,13,Forward Head,Normal,0.0
2026-05-16 19:30:29,14,Forward Head,Normal,0.0
2026-05-16 19:30:29,14,Forward Head,Normal,0.0
2026-05-16 19:30:30,15,Forward Head,Normal,0.0
2026-05-16 19:30:30,15,Asymmetric,Normal,0.0
2026-05-16 19:30:31,16,Optimal,Normal,0.0
2026-05-16 19:30:31,16,Chin Propping,Normal,0.0
2026-05-16 19:30:32,17,Chin Propping,Normal,0.0
2026-05-16 19:30:32,17,Chin Propping,Normal,0.0
2026-05-16 19:30:33,18,Chin Propping,Normal,0.0
2026-05-16 19:30:33,18,Optimal,Normal,0.0
2026-05-16 19:30:34,19,Optimal,Normal,0.0
2026-05-16 19:30:34,20,Optimal,Normal,0.0
2026-05-16 19:30:35,20,Optimal,Normal,0.0
2026-05-16 19:44:47,0,Asymmetric,Normal,0.0
2026-05-16 19:44:47,0,Chin Propping,Normal,0.0
2026-05-16 19:44:48,1,Asymmetric,Normal,0.0
2026-05-16 19:44:48,1,Asymmetric,Normal,0.0
2026-05-16 19:44:49,2,Asymmetric,Normal,0.0
2026-05-16 19:44:49,2,Asymmetric,Normal,0.0
2026-05-16 19:44:50,3,Asymmetric,Normal,0.0
2026-05-16 19:44:50,3,Asymmetric,Normal,0.0
2026-05-16 19:44:51,4,Asymmetric,Normal,0.0
2026-05-16 19:44:51,4,Chin Propping,Normal,0.0
2026-05-16 19:44:52,5,Asymmetric,Normal,0.0
2026-05-16 19:44:52,5,Asymmetric,Normal,0.0
2026-05-16 19:44:53,6,Asymmetric,Normal,0.0
2026-05-16 19:44:53,6,Asymmetric,Normal,0.0
2026-05-16 19:44:54,7,Asymmetric,Normal,0.0
2026-05-16 19:44:54,7,Asymmetric,Normal,0.0
2026-05-16 19:44:55,8,Asymmetric,Normal,0.0
2026-05-16 19:44:55,9,Asymmetric,Normal,0.0
2026-05-16 19:44:56,9,Asymmetric,Normal,0.0
2026-05-16 19:44:56,10,Asymmetric,Normal,0.0
2026-05-16 19:44:57,10,Asymmetric,Normal,0.0
2026-05-16 19:44:58,11,Asymmetric,Normal,0.0
2026-05-16 19:44:58,11,Asymmetric,Normal,0.0
2026-05-16 19:44:59,12,Asymmetric,Normal,0.0
2026-05-16 19:44:59,12,Asymmetric,Normal,0.0
2026-05-16 19:45:00,13,Asymmetric,Normal,0.0
2026-05-16 19:45:00,13,Asymmetric,Normal,0.0
2026-05-16 19:45:01,14,Asymmetric,Normal,0.0
2026-05-16 19:45:01,14,Asymmetric,Normal,0.0
2026-05-16 19:45:02,15,Asymmetric,Normal,0.0
2026-05-16 19:45:02,15,Asymmetric,Normal,0.0
2026-05-16 19:45:03,16,Asymmetric,Normal,0.0
2026-05-16 19:45:03,16,Asymmetric,Normal,0.0
2026-05-16 19:45:04,17,Asymmetric,Normal,0.0
2026-05-16 19:45:05,18,Asymmetric,Normal,0.0
2026-05-16 19:45:05,18,Asymmetric,Normal,0.0
2026-05-16 19:45:06,19,Asymmetric,Normal,0.0
2026-05-16 19:45:06,19,Asymmetric,Normal,0.0
2026-05-16 19:45:07,20,Asymmetric,Normal,0.0
2026-05-16 19:45:07,20,Asymmetric,Normal,0.0
2026-05-16 19:45:08,21,Asymmetric,Normal,0.0
2026-05-16 19:45:08,21,Asymmetric,Normal,0.0
2026-05-16 19:45:09,22,Asymmetric,Normal,0.0
2026-05-16 19:45:09,22,Asymmetric,Normal,0.0
2026-05-16 19:45:10,23,Asymmetric,Normal,0.0
2026-05-16 19:45:10,23,Asymmetric,Normal,0.0
2026-05-16 19:45:11,24,Asymmetric,Normal,0.0
2026-05-16 19:45:11,25,Asymmetric,Normal,0.0
2026-05-16 19:45:12,25,Asymmetric,Normal,0.0
2026-05-16 19:45:12,26,Asymmetric,Normal,0.0
2026-05-16 19:45:13,26,Asymmetric,Normal,0.0
2026-05-16 19:45:14,27,Asymmetric,Normal,0.0
2026-05-16 19:45:14,27,Asymmetric,Normal,0.0
2026-05-16 19:45:15,28,Asymmetric,Normal,0.0
2026-05-16 19:45:15,28,Asymmetric,Normal,0.0
2026-05-16 19:45:16,29,Asymmetric,Normal,0.0
2026-05-16 19:45:16,29,Asymmetric,Normal,0.0
2026-05-16 19:45:17,30,Asymmetric,Drowsy,0.8980931043624878
2026-05-16 19:45:17,30,Asymmetric,Drowsy,0.8980931043624878
2026-05-16 19:45:18,31,Asymmetric,Drowsy,0.8980931043624878
2026-05-16 19:45:18,31,Asymmetric,Drowsy,0.8980931043624878
2026-05-16 19:45:19,32,Asymmetric,Drowsy,0.8980931043624878
2026-05-16 19:45:19,33,Chin Propping,Drowsy,0.8980931043624878
2026-05-16 19:45:20,33,Chin Propping,Drowsy,0.8980931043624878
2026-05-16 19:45:21,34,Chin Propping,Drowsy,0.8980931043624878
2026-05-16 19:45:21,34,Chin Propping,Drowsy,0.8980931043624878
2026-05-16 19:45:22,35,Chin Propping,Drowsy,0.8980931043624878
2026-05-16 19:45:22,35,Chin Propping,Drowsy,0.8980931043624878
2026-05-16 19:45:23,36,Chin Propping,Drowsy,0.8980931043624878
2026-05-16 19:45:23,36,Chin Propping,Drowsy,0.8980931043624878
2026-05-16 19:45:24,37,Chin Propping,Drowsy,0.8980931043624878
2026-05-16 19:45:24,37,Chin Propping,Drowsy,0.8980931043624878
2026-05-16 19:45:25,38,Chin Propping,Drowsy,0.8980931043624878
2026-05-16 19:45:25,39,Chin Propping,Drowsy,0.8980931043624878
2026-05-16 19:45:26,39,Chin Propping,Drowsy,0.8980931043624878
2026-05-16 19:45:27,40,Asymmetric,Drowsy,0.8980931043624878
2026-05-16 19:45:27,40,Asymmetric,Drowsy,0.8980931043624878
2026-05-16 19:45:28,41,Asymmetric,Drowsy,0.8980931043624878
2026-05-16 19:45:28,41,Asymmetric,Drowsy,0.8980931043624878
2026-05-16 19:45:29,42,Asymmetric,Drowsy,0.8980931043624878
2026-05-16 19:45:29,42,Asymmetric,Drowsy,0.8980931043624878
2026-05-16 19:45:30,43,Chin Propping,Drowsy,0.8980931043624878
2026-05-16 19:45:30,43,Chin Propping,Drowsy,0.8980931043624878
2026-05-16 19:45:31,44,Chin Propping,Drowsy,0.8980931043624878
2026-05-16 19:45:31,44,Chin Propping,Drowsy,0.8980931043624878
2026-05-16 19:45:32,45,Chin Propping,Drowsy,0.8980931043624878
2026-05-16 19:45:33,46,Chin Propping,Drowsy,0.8980931043624878
2026-05-16 19:45:33,46,Chin Propping,Drowsy,0.8980931043624878
2026-05-16 19:45:34,47,Chin Propping,Drowsy,0.8980931043624878
2026-05-16 19:45:34,47,Asymmetric,Drowsy,0.8980931043624878
2026-05-16 19:45:35,48,Asymmetric,Drowsy,0.8980931043624878
2026-05-16 19:45:35,48,Asymmetric,Drowsy,0.8980931043624878
2026-05-16 19:45:36,49,Asymmetric,Drowsy,0.8980931043624878
2026-05-16 19:45:36,49,Asymmetric,Drowsy,0.8980931043624878
2026-05-16 19:45:37,50,Asymmetric,Drowsy,0.8980931043624878
2026-05-16 19:45:37,51,Asymmetric,Drowsy,0.8980931043624878
2026-05-16 19:45:38,51,Asymmetric,Drowsy,0.8980931043624878
2026-05-16 19:45:39,52,Asymmetric,Drowsy,0.8980931043624878
2026-05-16 19:45:39,52,Asymmetric,Drowsy,0.8980931043624878
2026-05-16 19:45:40,53,Asymmetric,Drowsy,0.8980931043624878
2026-05-16 19:45:40,53,Asymmetric,Drowsy,0.8980931043624878
2026-05-16 19:45:41,54,Asymmetric,Drowsy,0.8980931043624878
2026-05-16 19:45:41,54,Asymmetric,Drowsy,0.8980931043624878
2026-05-16 19:45:42,55,Asymmetric,Drowsy,0.8980931043624878
2026-05-16 19:45:42,55,Asymmetric,Drowsy,0.8980931043624878
2026-05-16 19:45:43,56,Asymmetric,Drowsy,0.8980931043624878
2026-05-16 19:45:43,56,Asymmetric,Drowsy,0.8980931043624878
2026-05-16 19:45:44,57,Asymmetric,Drowsy,0.8980931043624878
2026-05-16 19:45:44,58,Asymmetric,Drowsy,0.8980931043624878
2026-05-16 19:45:45,58,Asymmetric,Drowsy,0.8980931043624878
2026-05-16 19:45:46,59,Asymmetric,Drowsy,0.8980931043624878
2026-05-16 19:45:46,59,Asymmetric,Drowsy,0.8980931043624878
2026-05-16 19:45:47,60,Asymmetric,Normal,0.364187628030777
2026-05-16 19:45:47,60,Asymmetric,Normal,0.364187628030777
2026-05-16 19:45:48,61,Asymmetric,Normal,0.364187628030777
2026-05-16 19:45:48,61,Asymmetric,Normal,0.364187628030777
2026-05-16 19:45:49,62,Asymmetric,Normal,0.364187628030777
2026-05-16 19:45:49,62,Asymmetric,Normal,0.364187628030777
2026-05-16 19:45:50,63,Asymmetric,Normal,0.364187628030777
2026-05-16 19:45:50,63,Chin Propping,Normal,0.364187628030777
2026-05-16 19:45:51,64,Chin Propping,Normal,0.364187628030777
2026-05-16 19:45:51,65,Asymmetric,Normal,0.364187628030777
2026-05-16 19:45:52,65,Asymmetric,Normal,0.364187628030777
2026-05-16 19:45:53,66,Asymmetric,Normal,0.364187628030777
2026-05-16 19:45:53,66,Asymmetric,Normal,0.364187628030777
2026-05-16 19:45:54,67,Asymmetric,Normal,0.364187628030777
2026-05-16 19:45:54,67,Asymmetric,Normal,0.364187628030777
2026-05-16 19:45:55,68,Asymmetric,Normal,0.364187628030777
2026-05-16 19:45:55,68,Chin Propping,Normal,0.364187628030777
2026-05-16 19:45:56,69,Chin Propping,Normal,0.364187628030777
2026-05-16 19:45:56,69,Chin Propping,Normal,0.364187628030777
2026-05-16 19:45:57,70,Chin Propping,Normal,0.364187628030777
2026-05-16 19:45:57,70,Chin Propping,Normal,0.364187628030777
2026-05-16 19:45:58,71,Asymmetric,Normal,0.364187628030777
2026-05-16 19:45:58,72,Asymmetric,Normal,0.364187628030777
2026-05-16 19:45:59,72,Asymmetric,Normal,0.364187628030777
2026-05-16 19:46:00,73,Asymmetric,Normal,0.364187628030777
2026-05-16 19:46:00,73,Asymmetric,Normal,0.364187628030777
2026-05-16 19:46:01,74,Asymmetric,Normal,0.364187628030777
2026-05-16 19:46:01,74,Asymmetric,Normal,0.364187628030777
2026-05-16 19:46:02,75,Asymmetric,Normal,0.364187628030777
2026-05-16 19:46:02,75,Asymmetric,Normal,0.364187628030777
2026-05-16 19:46:03,76,Asymmetric,Normal,0.364187628030777
2026-05-16 19:46:03,76,Asymmetric,Normal,0.364187628030777
2026-05-16 19:46:04,77,Asymmetric,Normal,0.364187628030777
2026-05-16 19:46:04,77,Asymmetric,Normal,0.364187628030777
2026-05-16 19:46:05,78,Asymmetric,Normal,0.364187628030777
2026-05-16 19:46:05,78,Asymmetric,Normal,0.364187628030777
2026-05-16 19:46:06,79,Asymmetric,Normal,0.364187628030777
2026-05-16 19:46:06,80,Asymmetric,Normal,0.364187628030777
2026-05-16 19:46:07,80,Asymmetric,Normal,0.364187628030777
2026-05-16 19:46:08,81,Asymmetric,Normal,0.364187628030777
2026-05-16 19:46:08,81,Asymmetric,Normal,0.364187628030777
2026-05-16 19:46:09,82,Asymmetric,Normal,0.364187628030777
2026-05-16 19:46:09,82,Asymmetric,Normal,0.364187628030777
2026-05-16 19:46:10,83,Asymmetric,Normal,0.364187628030777
2026-05-16 19:46:10,83,Asymmetric,Normal,0.364187628030777
2026-05-16 19:46:11,84,Asymmetric,Normal,0.364187628030777
2026-05-16 19:46:11,84,Asymmetric,Normal,0.364187628030777
2026-05-16 19:46:12,85,Asymmetric,Normal,0.364187628030777
2026-05-16 19:46:12,85,Asymmetric,Normal,0.364187628030777
2026-05-16 19:46:13,86,Asymmetric,Normal,0.364187628030777
2026-05-16 19:46:14,87,Asymmetric,Normal,0.364187628030777
2026-05-16 19:46:14,87,Asymmetric,Normal,0.364187628030777
2026-05-16 19:46:15,88,Asymmetric,Normal,0.364187628030777
2026-05-16 19:46:15,88,Asymmetric,Normal,0.364187628030777
2026-05-16 19:46:16,89,Asymmetric,Normal,0.364187628030777
2026-05-16 19:46:16,89,Asymmetric,Normal,0.364187628030777
2026-05-16 19:46:17,90,Asymmetric,Drowsy,0.6386485695838928
2026-05-16 19:46:17,90,Asymmetric,Drowsy,0.6386485695838928
2026-05-16 19:46:18,91,Asymmetric,Drowsy,0.6386485695838928
2026-05-16 19:46:19,92,Asymmetric,Drowsy,0.6386485695838928
2026-05-16 19:46:19,92,Asymmetric,Drowsy,0.6386485695838928
2026-05-16 19:46:20,93,Asymmetric,Drowsy,0.6386485695838928
2026-05-16 19:46:20,93,Asymmetric,Drowsy,0.6386485695838928
2026-05-16 19:46:21,94,Asymmetric,Drowsy,0.6386485695838928
2026-05-16 19:46:21,94,Asymmetric,Drowsy,0.6386485695838928
2026-05-16 19:46:22,95,Asymmetric,Drowsy,0.6386485695838928
2026-05-16 19:46:22,95,Asymmetric,Drowsy,0.6386485695838928
2026-05-16 19:46:23,96,Asymmetric,Drowsy,0.6386485695838928
2026-05-16 19:46:23,96,Asymmetric,Drowsy,0.6386485695838928
2026-05-16 19:46:24,97,Asymmetric,Drowsy,0.6386485695838928
2026-05-16 19:46:24,97,Asymmetric,Drowsy,0.6386485695838928
2026-05-16 19:46:25,98,Asymmetric,Drowsy,0.6386485695838928
2026-05-16 19:46:25,98,Asymmetric,Drowsy,0.6386485695838928
2026-05-16 19:46:26,99,Asymmetric,Drowsy,0.6386485695838928
2026-05-16 19:46:26,99,Asymmetric,Drowsy,0.6386485695838928
2026-05-16 19:46:27,100,Asymmetric,Drowsy,0.6386485695838928
2026-05-16 19:46:27,100,Asymmetric,Drowsy,0.6386485695838928
2026-05-16 19:46:28,101,Asymmetric,Drowsy,0.6386485695838928
2026-05-16 19:46:28,102,Asymmetric,Drowsy,0.6386485695838928
2026-05-16 19:46:29,102,Asymmetric,Drowsy,0.6386485695838928
2026-05-16 19:46:29,103,Asymmetric,Drowsy,0.6386485695838928
2026-05-16 19:46:30,103,Asymmetric,Drowsy,0.6386485695838928
2026-05-16 19:46:30,104,Asymmetric,Drowsy,0.6386485695838928
2026-05-16 19:46:31,104,Asymmetric,Drowsy,0.6386485695838928
2026-05-16 19:46:32,105,Asymmetric,Drowsy,0.6386485695838928
2026-05-16 19:46:32,105,Asymmetric,Drowsy,0.6386485695838928
2026-05-16 19:46:33,106,Asymmetric,Drowsy,0.6386485695838928
2026-05-16 19:46:33,106,Asymmetric,Drowsy,0.6386485695838928
2026-05-16 19:46:34,107,Asymmetric,Drowsy,0.6386485695838928
2026-05-16 19:46:34,107,Asymmetric,Drowsy,0.6386485695838928
2026-05-16 19:46:35,108,Asymmetric,Drowsy,0.6386485695838928
2026-05-16 19:46:35,109,Asymmetric,Drowsy,0.6386485695838928
2026-05-16 19:46:36,109,Asymmetric,Drowsy,0.6386485695838928
2026-05-16 19:46:37,110,Asymmetric,Drowsy,0.6386485695838928
2026-05-16 19:46:37,110,Asymmetric,Drowsy,0.6386485695838928
2026-05-16 19:46:38,111,Asymmetric,Drowsy,0.6386485695838928
2026-05-16 19:46:38,111,Asymmetric,Drowsy,0.6386485695838928
2026-05-16 19:46:39,112,Asymmetric,Drowsy,0.6386485695838928
2026-05-16 19:46:39,112,Asymmetric,Drowsy,0.6386485695838928
2026-05-16 19:46:40,113,Chin Propping,Drowsy,0.6386485695838928
2026-05-16 19:46:40,113,Chin Propping,Drowsy,0.6386485695838928
2026-05-16 19:46:41,114,Chin Propping,Drowsy,0.6386485695838928
2026-05-16 19:46:42,115,Chin Propping,Drowsy,0.6386485695838928
2026-05-16 19:46:42,115,Chin Propping,Drowsy,0.6386485695838928
2026-05-16 19:46:43,116,Chin Propping,Drowsy,0.6386485695838928
2026-05-16 19:46:43,116,Asymmetric,Drowsy,0.6386485695838928
2026-05-16 19:46:44,117,Asymmetric,Drowsy,0.6386485695838928
2026-05-16 19:46:44,117,Asymmetric,Drowsy,0.6386485695838928
2026-05-16 19:46:45,118,Asymmetric,Drowsy,0.6386485695838928
2026-05-16 19:46:45,118,Asymmetric,Drowsy,0.6386485695838928
2026-05-16 19:46:46,119,Asymmetric,Drowsy,0.6386485695838928
2026-05-16 19:46:46,119,Asymmetric,Drowsy,0.6386485695838928
2026-05-16 19:46:47,120,Asymmetric,Drowsy,0.9601656198501587
2026-05-16 19:46:48,121,Asymmetric,Drowsy,0.9601656198501587
2026-05-16 19:46:48,121,Asymmetric,Drowsy,0.9601656198501587
2026-05-16 19:46:49,122,Asymmetric,Drowsy,0.9601656198501587
2026-05-16 19:46:49,122,Asymmetric,Drowsy,0.9601656198501587
2026-05-16 19:46:50,123,Asymmetric,Drowsy,0.9601656198501587
2026-05-16 19:46:50,123,Asymmetric,Drowsy,0.9601656198501587
2026-05-16 19:46:51,124,Asymmetric,Drowsy,0.9601656198501587
2026-05-16 19:46:51,124,Asymmetric,Drowsy,0.9601656198501587
2026-05-16 19:46:52,125,Asymmetric,Drowsy,0.9601656198501587
2026-05-16 19:46:52,125,Asymmetric,Drowsy,0.9601656198501587
2026-05-16 19:46:53,126,Asymmetric,Drowsy,0.9601656198501587
2026-05-16 19:46:53,127,Asymmetric,Drowsy,0.9601656198501587
2026-05-16 19:46:54,127,Asymmetric,Drowsy,0.9601656198501587
2026-05-16 19:46:55,128,Asymmetric,Drowsy,0.9601656198501587
2026-05-16 19:46:55,128,Asymmetric,Drowsy,0.9601656198501587
2026-05-16 19:46:56,129,Asymmetric,Drowsy,0.9601656198501587
2026-05-16 19:46:56,129,Asymmetric,Drowsy,0.9601656198501587
2026-05-16 19:46:57,130,Asymmetric,Drowsy,0.9601656198501587
2026-05-16 19:46:57,130,Asymmetric,Drowsy,0.9601656198501587
2026-05-16 19:46:58,131,Asymmetric,Drowsy,0.9601656198501587
2026-05-16 19:46:58,132,Asymmetric,Drowsy,0.9601656198501587
2026-05-16 19:46:59,132,Asymmetric,Drowsy,0.9601656198501587
2026-05-16 19:47:00,133,Chin Propping,Drowsy,0.9601656198501587
2026-05-16 19:47:00,133,Chin Propping,Drowsy,0.9601656198501587
2026-05-16 19:47:01,134,Chin Propping,Drowsy,0.9601656198501587
2026-05-16 19:47:01,134,Asymmetric,Drowsy,0.9601656198501587
2026-05-16 19:47:02,135,Asymmetric,Drowsy,0.9601656198501587
2026-05-16 19:47:02,135,Asymmetric,Drowsy,0.9601656198501587
2026-05-16 19:47:03,136,Asymmetric,Drowsy,0.9601656198501587
2026-05-16 19:47:03,136,Asymmetric,Drowsy,0.9601656198501587
2026-05-16 19:47:04,137,Chin Propping,Drowsy,0.9601656198501587
2026-05-16 19:47:04,137,Chin Propping,Drowsy,0.9601656198501587
2026-05-16 19:47:05,138,Asymmetric,Drowsy,0.9601656198501587
2026-05-16 19:47:05,139,Asymmetric,Drowsy,0.9601656198501587
2026-05-16 19:47:06,139,Asymmetric,Drowsy,0.9601656198501587
2026-05-16 19:47:07,140,Asymmetric,Drowsy,0.9601656198501587
2026-05-16 19:47:07,140,Asymmetric,Drowsy,0.9601656198501587
2026-05-16 19:47:08,141,Asymmetric,Drowsy,0.9601656198501587
2026-05-16 19:47:08,141,Asymmetric,Drowsy,0.9601656198501587
2026-05-16 19:47:09,142,Asymmetric,Drowsy,0.9601656198501587
2026-05-16 19:47:09,142,Asymmetric,Drowsy,0.9601656198501587
2026-05-16 19:47:10,143,Asymmetric,Drowsy,0.9601656198501587
2026-05-16 19:47:10,143,Asymmetric,Drowsy,0.9601656198501587
2026-05-16 19:47:11,144,Asymmetric,Drowsy,0.9601656198501587
2026-05-16 19:47:11,144,Asymmetric,Drowsy,0.9601656198501587
2026-05-16 19:47:12,145,Asymmetric,Drowsy,0.9601656198501587
2026-05-16 19:47:12,146,Asymmetric,Drowsy,0.9601656198501587
2026-05-16 19:47:13,146,Asymmetric,Drowsy,0.9601656198501587
2026-05-16 19:47:14,147,Asymmetric,Drowsy,0.9601656198501587
2026-05-16 19:47:14,147,Asymmetric,Drowsy,0.9601656198501587
2026-05-16 19:47:15,148,Asymmetric,Drowsy,0.9601656198501587
2026-05-16 19:47:15,148,Asymmetric,Drowsy,0.9601656198501587
2026-05-16 19:47:16,149,Asymmetric,Drowsy,0.9601656198501587
2026-05-16 19:47:16,149,Asymmetric,Drowsy,0.9601656198501587
2026-05-16 19:47:17,150,Asymmetric,Drowsy,0.7982974648475647
2026-05-16 19:47:17,150,Asymmetric,Drowsy,0.7982974648475647
2026-05-16 19:47:18,151,Forward Head,Drowsy,0.7982974648475647
2026-05-16 19:47:18,151,Forward Head,Drowsy,0.7982974648475647
2026-05-16 19:47:19,152,Forward Head,Drowsy,0.7982974648475647
2026-05-16 19:47:19,152,Forward Head,Drowsy,0.7982974648475647
2026-05-16 19:47:20,153,Forward Head,Drowsy,0.7982974648475647
2026-05-16 19:47:20,154,Forward Head,Drowsy,0.7982974648475647
2026-05-16 19:47:21,154,Forward Head,Drowsy,0.7982974648475647
2026-05-16 19:47:21,155,Asymmetric,Drowsy,0.7982974648475647
2026-05-16 19:47:22,155,Forward Head,Drowsy,0.7982974648475647
2026-05-16 19:47:23,156,Chin Propping,Drowsy,0.7982974648475647
2026-05-16 19:47:23,156,Forward Head,Drowsy,0.7982974648475647
2026-05-16 19:47:24,157,Forward Head,Drowsy,0.7982974648475647
2026-05-16 19:47:24,157,Forward Head,Drowsy,0.7982974648475647
2026-05-16 19:47:25,158,Asymmetric,Drowsy,0.7982974648475647
2026-05-16 19:47:25,158,Asymmetric,Drowsy,0.7982974648475647
2026-05-16 19:47:26,159,Asymmetric,Drowsy,0.7982974648475647
2026-05-16 19:47:26,159,Asymmetric,Drowsy,0.7982974648475647
2026-05-16 19:47:27,160,Chin Propping,Drowsy,0.7982974648475647
2026-05-16 19:47:27,160,Chin Propping,Drowsy,0.7982974648475647
2026-05-16 19:47:28,161,Asymmetric,Drowsy,0.7982974648475647
2026-05-16 19:47:28,161,Asymmetric,Drowsy,0.7982974648475647
2026-05-16 19:47:29,162,Asymmetric,Drowsy,0.7982974648475647
2026-05-16 19:47:29,162,Asymmetric,Drowsy,0.7982974648475647
2026-05-16 19:47:30,163,Asymmetric,Drowsy,0.7982974648475647
2026-05-16 19:47:30,163,Chin Propping,Drowsy,0.7982974648475647
2026-05-16 19:47:31,164,Chin Propping,Drowsy,0.7982974648475647
2026-05-16 19:47:31,164,Forward Head,Drowsy,0.7982974648475647
2026-05-16 19:47:32,165,Asymmetric,Drowsy,0.7982974648475647
2026-05-16 19:47:32,165,Asymmetric,Drowsy,0.7982974648475647
2026-05-16 19:47:33,166,Asymmetric,Drowsy,0.7982974648475647
2026-05-16 19:47:33,167,Asymmetric,Drowsy,0.7982974648475647
2026-05-16 19:47:34,167,Asymmetric,Drowsy,0.7982974648475647
2026-05-16 19:47:34,168,Chin Propping,Drowsy,0.7982974648475647
2026-05-16 19:47:35,168,Chin Propping,Drowsy,0.7982974648475647
2026-05-16 19:47:36,169,Chin Propping,Drowsy,0.7982974648475647
2026-05-16 19:47:36,169,Chin Propping,Drowsy,0.7982974648475647
2026-05-16 19:47:37,170,Asymmetric,Drowsy,0.7982974648475647
2026-05-16 19:47:37,170,Chin Propping,Drowsy,0.7982974648475647
2026-05-16 19:47:38,171,Chin Propping,Drowsy,0.7982974648475647
2026-05-16 19:47:38,171,Chin Propping,Drowsy,0.7982974648475647
2026-05-16 19:47:39,172,Forward Head,Drowsy,0.7982974648475647
2026-05-16 19:47:39,172,Forward Head,Drowsy,0.7982974648475647
2026-05-16 19:47:40,173,Asymmetric,Drowsy,0.7982974648475647
2026-05-16 19:47:40,173,Forward Head,Drowsy,0.7982974648475647
2026-05-16 19:47:41,174,Asymmetric,Drowsy,0.7982974648475647
2026-05-16 19:47:41,174,Asymmetric,Drowsy,0.7982974648475647
2026-05-16 19:47:42,175,Asymmetric,Drowsy,0.7982974648475647
2026-05-16 19:47:42,175,Asymmetric,Drowsy,0.7982974648475647
2026-05-16 19:47:43,176,Optimal,Drowsy,0.7982974648475647
2026-05-16 19:47:43,176,Optimal,Drowsy,0.7982974648475647
2026-05-16 19:47:44,177,Optimal,Drowsy,0.7982974648475647
2026-05-16 19:47:44,177,Optimal,Drowsy,0.7982974648475647
2026-05-16 19:47:45,178,Optimal,Drowsy,0.7982974648475647
2026-05-16 19:47:45,179,Optimal,Drowsy,0.7982974648475647
2026-05-16 19:47:46,179,Optimal,Drowsy,0.7982974648475647
2026-05-16 19:47:47,180,Optimal,Drowsy,0.7982974648475647
2026-05-16 19:47:47,180,Optimal,Drowsy,0.9359185695648193
2026-05-16 19:47:48,181,Optimal,Drowsy,0.9359185695648193
2026-05-16 19:47:48,181,Asymmetric,Drowsy,0.9359185695648193
2026-05-16 19:47:49,182,Asymmetric,Drowsy,0.9359185695648193
2026-05-16 19:47:49,182,Asymmetric,Drowsy,0.9359185695648193
2026-05-16 19:47:50,183,Optimal,Drowsy,0.9359185695648193
2026-05-16 19:47:50,183,Optimal,Drowsy,0.9359185695648193
2026-05-16 19:47:51,184,Optimal,Drowsy,0.9359185695648193
2026-05-16 19:47:51,184,Optimal,Drowsy,0.9359185695648193
2026-05-16 19:47:52,185,Asymmetric,Drowsy,0.9359185695648193
2026-05-16 19:47:52,185,Asymmetric,Drowsy,0.9359185695648193
2026-05-16 19:47:53,186,Asymmetric,Drowsy,0.9359185695648193
2026-05-16 19:47:53,186,Asymmetric,Drowsy,0.9359185695648193
2026-05-16 19:47:54,187,Asymmetric,Drowsy,0.9359185695648193
2026-05-16 19:47:54,187,Asymmetric,Drowsy,0.9359185695648193
2026-05-16 19:47:55,188,Asymmetric,Drowsy,0.9359185695648193
2026-05-16 19:47:55,189,Asymmetric,Drowsy,0.9359185695648193
2026-05-16 19:47:56,189,Chin Propping,Drowsy,0.9359185695648193
2026-05-16 19:47:57,190,Chin Propping,Drowsy,0.9359185695648193
2026-05-16 19:47:57,190,Chin Propping,Drowsy,0.9359185695648193
2026-05-16 19:47:58,191,Chin Propping,Drowsy,0.9359185695648193
2026-05-16 19:47:58,191,Chin Propping,Drowsy,0.9359185695648193
2026-05-16 19:47:59,192,Chin Propping,Drowsy,0.9359185695648193
2026-05-16 19:47:59,192,Asymmetric,Drowsy,0.9359185695648193
2026-05-16 19:48:00,193,Asymmetric,Drowsy,0.9359185695648193
2026-05-16 19:48:00,193,Chin Propping,Drowsy,0.9359185695648193
2026-05-16 19:48:01,194,Chin Propping,Drowsy,0.9359185695648193
2026-05-16 19:48:01,194,Asymmetric,Drowsy,0.9359185695648193
2026-05-16 19:48:02,195,Chin Propping,Drowsy,0.9359185695648193
2026-05-16 19:48:02,195,Chin Propping,Drowsy,0.9359185695648193
2026-05-16 19:48:03,196,Chin Propping,Drowsy,0.9359185695648193
2026-05-16 19:48:03,196,Chin Propping,Drowsy,0.9359185695648193
2026-05-16 19:48:04,197,Chin Propping,Drowsy,0.9359185695648193
2026-05-16 19:48:04,197,Chin Propping,Drowsy,0.9359185695648193
2026-05-16 19:48:05,198,Chin Propping,Drowsy,0.9359185695648193
2026-05-16 19:48:05,199,Chin Propping,Drowsy,0.9359185695648193
2026-05-16 19:48:06,199,Chin Propping,Drowsy,0.9359185695648193
2026-05-16 19:48:07,200,Chin Propping,Drowsy,0.9359185695648193
2026-05-16 19:48:07,200,Chin Propping,Drowsy,0.9359185695648193
2026-05-16 19:48:08,201,Chin Propping,Drowsy,0.9359185695648193
2026-05-16 19:48:08,201,Chin Propping,Drowsy,0.9359185695648193
2026-05-16 19:48:09,202,Chin Propping,Drowsy,0.9359185695648193
2026-05-16 19:48:09,202,Chin Propping,Drowsy,0.9359185695648193
2026-05-16 19:48:10,203,Chin Propping,Drowsy,0.9359185695648193
2026-05-16 19:48:10,203,Chin Propping,Drowsy,0.9359185695648193
2026-05-16 19:48:11,204,Asymmetric,Drowsy,0.9359185695648193
2026-05-16 19:48:11,204,Asymmetric,Drowsy,0.9359185695648193
2026-05-16 19:48:12,205,Asymmetric,Drowsy,0.9359185695648193
2026-05-16 19:48:12,205,Asymmetric,Drowsy,0.9359185695648193
2026-05-16 19:48:13,206,Asymmetric,Drowsy,0.9359185695648193
2026-05-16 19:48:13,206,Asymmetric,Drowsy,0.9359185695648193
2026-05-16 19:48:14,207,Optimal,Drowsy,0.9359185695648193
2026-05-16 19:48:14,207,Asymmetric,Drowsy,0.9359185695648193
2026-05-16 19:48:15,208,Asymmetric,Drowsy,0.9359185695648193
2026-05-16 19:48:15,208,Asymmetric,Drowsy,0.9359185695648193
2026-05-16 19:48:16,209,Asymmetric,Drowsy,0.9359185695648193
2026-05-16 19:48:16,210,Asymmetric,Drowsy,0.9359185695648193
2026-05-16 19:48:17,210,Asymmetric,Drowsy,0.9820087552070618
2026-05-16 19:48:17,211,Optimal,Drowsy,0.9820087552070618
2026-05-16 19:48:18,211,Forward Head,Drowsy,0.9820087552070618
2026-05-16 19:48:19,212,Optimal,Drowsy,0.9820087552070618
2026-05-16 19:48:19,212,Optimal,Drowsy,0.9820087552070618
2026-05-16 19:48:20,213,Asymmetric,Drowsy,0.9820087552070618
2026-05-16 19:48:20,213,Asymmetric,Drowsy,0.9820087552070618
2026-05-16 19:48:21,214,Forward Head,Drowsy,0.9820087552070618
2026-05-16 19:48:21,214,Forward Head,Drowsy,0.9820087552070618
2026-05-16 19:48:22,215,Forward Head,Drowsy,0.9820087552070618
2026-05-16 19:48:22,215,Forward Head,Drowsy,0.9820087552070618
2026-05-16 19:48:23,216,Forward Head,Drowsy,0.9820087552070618
2026-05-16 19:48:23,216,Forward Head,Drowsy,0.9820087552070618
2026-05-16 19:48:24,217,Forward Head,Drowsy,0.9820087552070618
2026-05-16 19:48:24,217,Forward Head,Drowsy,0.9820087552070618
2026-05-16 19:48:25,218,Forward Head,Drowsy,0.9820087552070618
2026-05-16 19:48:25,218,Forward Head,Drowsy,0.9820087552070618
2026-05-16 19:48:26,219,Asymmetric,Drowsy,0.9820087552070618
2026-05-16 19:48:26,219,Asymmetric,Drowsy,0.9820087552070618
2026-05-16 19:48:27,220,Asymmetric,Drowsy,0.9820087552070618
2026-05-16 19:48:27,221,Asymmetric,Drowsy,0.9820087552070618
2026-05-16 19:48:28,221,Asymmetric,Drowsy,0.9820087552070618
2026-05-16 19:48:29,222,Asymmetric,Drowsy,0.9820087552070618
2026-05-16 19:48:29,222,Asymmetric,Drowsy,0.9820087552070618
2026-05-16 19:48:30,223,Asymmetric,Drowsy,0.9820087552070618
2026-05-16 19:48:30,223,Asymmetric,Drowsy,0.9820087552070618
2026-05-16 19:48:31,224,Asymmetric,Drowsy,0.9820087552070618
2026-05-16 19:48:31,224,Asymmetric,Drowsy,0.9820087552070618
2026-05-16 19:48:32,225,Asymmetric,Drowsy,0.9820087552070618
2026-05-16 19:48:32,225,Asymmetric,Drowsy,0.9820087552070618
2026-05-16 19:48:33,226,Forward Head,Drowsy,0.9820087552070618
2026-05-16 19:48:33,226,Forward Head,Drowsy,0.9820087552070618
2026-05-16 19:48:34,227,Forward Head,Drowsy,0.9820087552070618
2026-05-16 19:48:34,227,Forward Head,Drowsy,0.9820087552070618
2026-05-16 19:48:35,228,Forward Head,Drowsy,0.9820087552070618
2026-05-16 19:48:35,228,Forward Head,Drowsy,0.9820087552070618
2026-05-16 19:48:36,229,Forward Head,Drowsy,0.9820087552070618
2026-05-16 19:48:36,229,Forward Head,Drowsy,0.9820087552070618
2026-05-16 19:48:37,230,Forward Head,Drowsy,0.9820087552070618
2026-05-16 19:48:37,231,Forward Head,Drowsy,0.9820087552070618
2026-05-16 19:48:38,231,Forward Head,Drowsy,0.9820087552070618
2026-05-16 19:48:38,232,Forward Head,Drowsy,0.9820087552070618
2026-05-16 19:48:39,232,Forward Head,Drowsy,0.9820087552070618
2026-05-16 19:48:40,233,Forward Head,Drowsy,0.9820087552070618
2026-05-16 19:48:40,233,Forward Head,Drowsy,0.9820087552070618
2026-05-16 19:48:41,234,Forward Head,Drowsy,0.9820087552070618
2026-05-16 19:48:41,234,Forward Head,Drowsy,0.9820087552070618
2026-05-16 19:48:42,235,Forward Head,Drowsy,0.9820087552070618
2026-05-16 19:48:42,235,Forward Head,Drowsy,0.9820087552070618
2026-05-16 19:48:43,236,Forward Head,Drowsy,0.9820087552070618
2026-05-16 19:48:43,236,Forward Head,Drowsy,0.9820087552070618
2026-05-16 19:48:44,237,Forward Head,Drowsy,0.9820087552070618
2026-05-16 19:48:44,237,Forward Head,Drowsy,0.9820087552070618
2026-05-16 19:48:45,238,Forward Head,Drowsy,0.9820087552070618
2026-05-16 19:48:45,238,Forward Head,Drowsy,0.9820087552070618
2026-05-16 19:48:46,239,Forward Head,Drowsy,0.9820087552070618
2026-05-16 19:48:46,239,Forward Head,Drowsy,0.9820087552070618
2026-05-16 19:48:47,240,Forward Head,Drowsy,0.7236029505729675
2026-05-16 19:48:47,240,Forward Head,Drowsy,0.7236029505729675
2026-05-16 19:48:48,241,Forward Head,Drowsy,0.7236029505729675
2026-05-16 19:48:48,241,Forward Head,Drowsy,0.7236029505729675
2026-05-16 19:48:49,242,Forward Head,Drowsy,0.7236029505729675
2026-05-16 19:48:49,242,Forward Head,Drowsy,0.7236029505729675
2026-05-16 19:48:50,243,Forward Head,Drowsy,0.7236029505729675
2026-05-16 19:48:50,244,Forward Head,Drowsy,0.7236029505729675
2026-05-16 19:48:51,244,Forward Head,Drowsy,0.7236029505729675
2026-05-16 19:48:52,245,Forward Head,Drowsy,0.7236029505729675
2026-05-16 19:48:52,245,Forward Head,Drowsy,0.7236029505729675
2026-05-16 19:48:53,246,Forward Head,Drowsy,0.7236029505729675
2026-05-16 19:48:53,246,Forward Head,Drowsy,0.7236029505729675
2026-05-16 19:48:54,247,Forward Head,Drowsy,0.7236029505729675
2026-05-16 19:48:54,247,Forward Head,Drowsy,0.7236029505729675
2026-05-16 19:48:55,248,Forward Head,Drowsy,0.7236029505729675
2026-05-16 19:48:55,248,Forward Head,Drowsy,0.7236029505729675
2026-05-16 19:48:56,249,Forward Head,Drowsy,0.7236029505729675
2026-05-16 19:48:56,249,Forward Head,Drowsy,0.7236029505729675
2026-05-16 19:48:57,250,Forward Head,Drowsy,0.7236029505729675
2026-05-16 19:48:57,250,Forward Head,Drowsy,0.7236029505729675
2026-05-16 19:48:58,251,Forward Head,Drowsy,0.7236029505729675
2026-05-16 19:48:58,251,Forward Head,Drowsy,0.7236029505729675
2026-05-16 19:48:59,252,Forward Head,Drowsy,0.7236029505729675
2026-05-16 19:48:59,253,Forward Head,Drowsy,0.7236029505729675
2026-05-16 19:49:00,253,Forward Head,Drowsy,0.7236029505729675
2026-05-16 19:49:00,254,Forward Head,Drowsy,0.7236029505729675
2026-05-16 19:49:01,254,Forward Head,Drowsy,0.7236029505729675
2026-05-16 19:49:01,255,Forward Head,Drowsy,0.7236029505729675
2026-05-16 19:49:02,255,Forward Head,Drowsy,0.7236029505729675
2026-05-16 19:49:03,256,Forward Head,Drowsy,0.7236029505729675
2026-05-16 19:49:03,256,Forward Head,Drowsy,0.7236029505729675
2026-05-16 19:49:04,257,Asymmetric,Drowsy,0.7236029505729675
2026-05-16 19:49:04,257,Asymmetric,Drowsy,0.7236029505729675
2026-05-16 19:49:05,258,Asymmetric,Drowsy,0.7236029505729675
2026-05-16 19:49:05,258,Asymmetric,Drowsy,0.7236029505729675
2026-05-16 19:49:06,259,Asymmetric,Drowsy,0.7236029505729675
2026-05-16 19:49:06,259,Forward Head,Drowsy,0.7236029505729675
2026-05-16 19:49:07,260,Forward Head,Drowsy,0.7236029505729675
2026-05-16 19:49:07,260,Forward Head,Drowsy,0.7236029505729675
2026-05-16 19:49:08,261,Forward Head,Drowsy,0.7236029505729675
2026-05-16 19:49:08,261,Forward Head,Drowsy,0.7236029505729675
2026-05-16 19:49:09,262,Forward Head,Drowsy,0.7236029505729675
2026-05-16 19:49:09,263,Forward Head,Drowsy,0.7236029505729675
2026-05-16 19:49:10,263,Forward Head,Drowsy,0.7236029505729675
2026-05-16 19:49:11,264,Forward Head,Drowsy,0.7236029505729675
2026-05-16 19:49:11,264,Asymmetric,Drowsy,0.7236029505729675
2026-05-16 19:49:12,265,Asymmetric,Drowsy,0.7236029505729675
2026-05-16 19:49:12,265,Forward Head,Drowsy,0.7236029505729675
2026-05-16 19:49:13,266,Forward Head,Drowsy,0.7236029505729675
2026-05-16 19:49:13,266,Forward Head,Drowsy,0.7236029505729675
2026-05-16 19:49:14,267,Forward Head,Drowsy,0.7236029505729675
2026-05-16 19:49:14,267,Forward Head,Drowsy,0.7236029505729675
2026-05-16 19:49:15,268,Forward Head,Drowsy,0.7236029505729675
2026-05-16 19:49:15,268,Forward Head,Drowsy,0.7236029505729675
2026-05-16 19:49:16,269,Forward Head,Drowsy,0.7236029505729675
2026-05-16 19:49:16,270,Forward Head,Drowsy,0.7236029505729675
2026-05-16 19:49:17,270,Forward Head,Drowsy,0.6278200745582581
2026-05-16 19:49:18,271,Forward Head,Drowsy,0.6278200745582581
2026-05-16 19:49:18,271,Forward Head,Drowsy,0.6278200745582581
2026-05-16 19:49:19,272,Forward Head,Drowsy,0.6278200745582581
2026-05-16 19:49:19,272,Forward Head,Drowsy,0.6278200745582581
2026-05-16 19:49:20,273,Forward Head,Drowsy,0.6278200745582581
2026-05-16 19:49:20,273,Forward Head,Drowsy,0.6278200745582581
2026-05-16 19:49:21,274,Forward Head,Drowsy,0.6278200745582581
2026-05-16 19:49:21,274,Forward Head,Drowsy,0.6278200745582581
2026-05-16 19:49:22,275,Asymmetric,Drowsy,0.6278200745582581
2026-05-16 19:49:22,275,Forward Head,Drowsy,0.6278200745582581
2026-05-16 19:49:23,276,Forward Head,Drowsy,0.6278200745582581
2026-05-16 19:49:23,277,Asymmetric,Drowsy,0.6278200745582581
2026-05-16 19:49:24,277,Asymmetric,Drowsy,0.6278200745582581
2026-05-16 19:49:24,278,Forward Head,Drowsy,0.6278200745582581
2026-05-16 19:49:25,278,Forward Head,Drowsy,0.6278200745582581
2026-05-16 19:49:26,279,Forward Head,Drowsy,0.6278200745582581
2026-05-16 19:49:26,279,Asymmetric,Drowsy,0.6278200745582581
2026-05-16 19:49:27,280,Asymmetric,Drowsy,0.6278200745582581
2026-05-16 19:49:27,280,Asymmetric,Drowsy,0.6278200745582581
2026-05-16 19:49:28,281,Asymmetric,Drowsy,0.6278200745582581
2026-05-16 19:49:28,281,Asymmetric,Drowsy,0.6278200745582581
2026-05-16 19:49:29,282,Asymmetric,Drowsy,0.6278200745582581
2026-05-16 19:49:29,282,Asymmetric,Drowsy,0.6278200745582581
2026-05-16 19:49:30,283,Asymmetric,Drowsy,0.6278200745582581
2026-05-16 19:49:31,284,Asymmetric,Drowsy,0.6278200745582581
2026-05-16 19:49:31,284,Asymmetric,Drowsy,0.6278200745582581
2026-05-16 19:49:32,285,Asymmetric,Drowsy,0.6278200745582581
2026-05-16 19:49:32,285,Asymmetric,Drowsy,0.6278200745582581
2026-05-16 19:49:33,286,Asymmetric,Drowsy,0.6278200745582581
2026-05-16 19:49:33,286,Asymmetric,Drowsy,0.6278200745582581
2026-05-16 19:49:34,287,Asymmetric,Drowsy,0.6278200745582581
2026-05-16 19:49:34,287,Asymmetric,Drowsy,0.6278200745582581
2026-05-16 19:49:35,288,Asymmetric,Drowsy,0.6278200745582581
2026-05-16 19:49:35,288,Asymmetric,Drowsy,0.6278200745582581
2026-05-16 19:49:36,289,Asymmetric,Drowsy,0.6278200745582581
2026-05-16 19:49:36,289,Asymmetric,Drowsy,0.6278200745582581
2026-05-16 19:49:37,290,Asymmetric,Drowsy,0.6278200745582581
2026-05-16 19:49:38,291,Asymmetric,Drowsy,0.6278200745582581
2026-05-16 19:49:38,291,Asymmetric,Drowsy,0.6278200745582581
2026-05-16 19:49:39,292,Asymmetric,Drowsy,0.6278200745582581
2026-05-16 19:49:39,292,Asymmetric,Drowsy,0.6278200745582581
2026-05-16 19:49:40,293,Asymmetric,Drowsy,0.6278200745582581
2026-05-16 19:49:40,293,Asymmetric,Drowsy,0.6278200745582581
2026-05-16 19:49:41,294,Asymmetric,Drowsy,0.6278200745582581
2026-05-16 19:49:41,294,Forward Head,Drowsy,0.6278200745582581
2026-05-16 19:49:42,295,Forward Head,Drowsy,0.6278200745582581
2026-05-16 19:49:42,295,Forward Head,Drowsy,0.6278200745582581
2026-05-16 19:49:43,296,Forward Head,Drowsy,0.6278200745582581
2026-05-16 19:49:43,296,Asymmetric,Drowsy,0.6278200745582581
2026-05-16 19:49:44,297,Asymmetric,Drowsy,0.6278200745582581
2026-05-16 19:49:44,297,Forward Head,Drowsy,0.6278200745582581
2026-05-16 19:49:45,298,Forward Head,Drowsy,0.6278200745582581
2026-05-16 19:49:45,299,Forward Head,Drowsy,0.6278200745582581
2026-05-16 19:49:46,299,Asymmetric,Drowsy,0.6278200745582581
2026-05-16 19:49:47,300,Asymmetric,Drowsy,0.6278200745582581
2026-05-16 19:49:47,300,Asymmetric,Drowsy,0.7907662987709045
2026-05-16 19:49:48,301,Asymmetric,Drowsy,0.7907662987709045
2026-05-16 19:49:48,301,Asymmetric,Drowsy,0.7907662987709045
2026-05-16 19:49:49,302,Asymmetric,Drowsy,0.7907662987709045
2026-05-16 19:49:49,302,Asymmetric,Drowsy,0.7907662987709045
2026-05-16 19:49:50,303,Asymmetric,Drowsy,0.7907662987709045
2026-05-16 19:49:50,303,Asymmetric,Drowsy,0.7907662987709045
2026-05-16 19:49:51,304,Asymmetric,Drowsy,0.7907662987709045
2026-05-16 19:49:51,304,Asymmetric,Drowsy,0.7907662987709045
2026-05-16 19:49:52,305,Asymmetric,Drowsy,0.7907662987709045
2026-05-16 19:49:52,305,Asymmetric,Drowsy,0.7907662987709045
2026-05-16 19:49:53,306,Forward Head,Drowsy,0.7907662987709045
2026-05-16 19:49:53,306,Forward Head,Drowsy,0.7907662987709045
2026-05-16 19:49:54,307,Forward Head,Drowsy,0.7907662987709045
2026-05-16 19:49:54,307,Forward Head,Drowsy,0.7907662987709045
2026-05-16 19:49:55,308,Forward Head,Drowsy,0.7907662987709045
2026-05-16 19:49:55,309,Forward Head,Drowsy,0.7907662987709045
2026-05-16 19:49:56,309,Forward Head,Drowsy,0.7907662987709045
2026-05-16 19:49:57,310,Forward Head,Drowsy,0.7907662987709045
2026-05-16 19:49:57,310,Forward Head,Drowsy,0.7907662987709045
2026-05-16 19:49:58,311,Forward Head,Drowsy,0.7907662987709045
2026-05-16 19:49:58,311,Forward Head,Drowsy,0.7907662987709045
2026-05-16 19:49:59,312,Forward Head,Drowsy,0.7907662987709045
2026-05-16 19:59:25,0,Optimal,Normal,0.0
2026-05-16 19:59:26,0,Optimal,Normal,0.0
2026-05-16 19:59:26,1,Optimal,Normal,0.0
2026-05-16 19:59:27,1,Optimal,Normal,0.0
2026-05-16 19:59:27,2,Optimal,Normal,0.0
2026-05-16 19:59:28,2,Optimal,Normal,0.0
2026-05-16 19:59:28,3,Optimal,Normal,0.0
2026-05-16 19:59:29,3,Optimal,Normal,0.0
2026-05-16 19:59:29,4,Optimal,Normal,0.0
2026-05-16 19:59:30,4,Optimal,Normal,0.0
2026-05-16 19:59:30,5,Optimal,Normal,0.0
2026-05-16 19:59:31,5,Optimal,Normal,0.0
2026-05-16 19:59:31,6,Optimal,Normal,0.0
2026-05-16 19:59:32,6,Optimal,Normal,0.0
2026-05-16 19:59:32,7,Optimal,Normal,0.0
2026-05-16 19:59:33,7,Optimal,Normal,0.0
2026-05-16 19:59:34,8,Optimal,Normal,0.0
2026-05-16 19:59:34,8,Optimal,Normal,0.0
2026-05-16 19:59:35,9,Optimal,Normal,0.0
2026-05-16 19:59:35,9,Optimal,Normal,0.0
2026-05-16 19:59:36,10,Optimal,Normal,0.0
2026-05-16 19:59:36,10,Optimal,Normal,0.0
2026-05-16 19:59:37,11,Optimal,Normal,0.0
2026-05-16 19:59:37,12,Optimal,Normal,0.0
2026-05-16 19:59:38,12,Optimal,Normal,0.0
2026-05-16 19:59:38,13,Optimal,Normal,0.0
2026-05-16 19:59:39,13,Optimal,Normal,0.0
2026-05-16 19:59:39,14,Optimal,Normal,0.0
2026-05-16 19:59:40,14,Optimal,Normal,0.0
2026-05-16 19:59:40,15,Optimal,Normal,0.0
2026-05-16 19:59:41,15,Optimal,Normal,0.0
2026-05-16 19:59:41,16,Optimal,Normal,0.0
2026-05-16 19:59:42,16,Optimal,Normal,0.0
2026-05-16 19:59:42,17,Optimal,Normal,0.0
2026-05-16 19:59:43,17,Optimal,Normal,0.0
2026-05-16 19:59:43,18,Optimal,Normal,0.0
2026-05-16 19:59:44,18,Optimal,Normal,0.0
2026-05-16 19:59:44,19,Optimal,Normal,0.0
2026-05-16 19:59:45,19,Optimal,Normal,0.0
2026-05-16 19:59:45,20,Optimal,Normal,0.0
2026-05-16 19:59:46,20,Optimal,Normal,0.0
2026-05-16 19:59:46,21,Optimal,Normal,0.0
2026-05-16 19:59:47,21,Optimal,Normal,0.0
2026-05-16 19:59:48,22,Optimal,Normal,0.0
2026-05-16 19:59:48,22,Optimal,Normal,0.0
2026-05-16 19:59:49,23,Optimal,Normal,0.0
2026-05-16 19:59:49,23,Optimal,Normal,0.0
2026-05-16 19:59:50,24,Optimal,Normal,0.0
2026-05-16 20:03:09,0,Asymmetric,Normal,0.0
2026-05-16 20:03:09,0,Asymmetric,Normal,0.0
2026-05-16 20:03:10,1,Asymmetric,Normal,0.0
2026-05-16 20:03:10,1,Asymmetric,Normal,0.0
2026-05-16 20:03:11,2,Asymmetric,Normal,0.0
2026-05-16 20:03:11,2,Asymmetric,Normal,0.0
2026-05-16 20:03:12,3,Asymmetric,Normal,0.0
2026-05-16 20:03:12,3,Chin Propping,Normal,0.0
2026-05-16 20:03:13,4,Asymmetric,Normal,0.0
2026-05-16 20:03:13,4,Asymmetric,Normal,0.0
2026-05-16 20:03:14,5,Asymmetric,Normal,0.0
2026-05-16 20:03:14,5,Asymmetric,Normal,0.0
2026-05-16 20:03:15,6,Asymmetric,Normal,0.0
2026-05-16 20:03:15,6,Asymmetric,Normal,0.0
2026-05-16 20:03:16,7,Asymmetric,Normal,0.0
2026-05-16 20:03:16,7,Asymmetric,Normal,0.0
2026-05-16 20:03:17,8,Asymmetric,Normal,0.0
2026-05-16 20:03:17,8,Asymmetric,Normal,0.0
2026-05-16 20:03:18,9,Asymmetric,Normal,0.0
2026-05-16 20:03:19,10,Asymmetric,Normal,0.0
2026-05-16 20:03:19,10,Asymmetric,Normal,0.0
2026-05-16 20:03:20,11,Asymmetric,Normal,0.0
2026-05-16 20:03:20,11,Asymmetric,Normal,0.0
2026-05-16 20:03:21,12,Asymmetric,Normal,0.0
2026-05-16 20:03:21,12,Asymmetric,Normal,0.0
2026-05-16 20:03:22,13,Asymmetric,Normal,0.0
2026-05-16 20:03:22,13,Asymmetric,Normal,0.0
2026-05-16 20:03:23,14,Asymmetric,Normal,0.0
2026-05-16 20:03:23,14,Asymmetric,Normal,0.0
2026-05-16 20:03:24,15,Asymmetric,Normal,0.0
2026-05-16 20:03:24,16,Asymmetric,Normal,0.0
2026-05-16 20:03:25,16,Asymmetric,Normal,0.0
2026-05-16 20:03:26,17,Asymmetric,Normal,0.0
2026-05-16 20:03:26,17,Asymmetric,Normal,0.0
2026-05-16 20:03:27,18,Asymmetric,Normal,0.0
2026-05-16 20:03:27,18,Asymmetric,Normal,0.0
2026-05-16 20:03:28,19,Asymmetric,Normal,0.0
2026-05-16 20:03:28,19,Asymmetric,Normal,0.0
2026-05-16 20:03:29,20,Asymmetric,Normal,0.0
2026-05-16 20:03:29,20,Asymmetric,Normal,0.0
2026-05-16 20:03:30,21,Asymmetric,Normal,0.0
2026-05-16 20:03:31,22,Asymmetric,Normal,0.0
2026-05-16 20:03:31,22,Asymmetric,Normal,0.0
2026-05-16 20:03:32,23,Asymmetric,Normal,0.0
2026-05-16 20:03:32,23,Asymmetric,Normal,0.0
2026-05-16 20:03:33,24,Asymmetric,Normal,0.0
2026-05-16 20:03:33,24,Asymmetric,Normal,0.0
2026-05-16 20:03:34,25,Asymmetric,Normal,0.0
2026-05-16 20:03:34,25,Asymmetric,Normal,0.0
2026-05-16 20:03:35,26,Asymmetric,Normal,0.0
2026-05-16 20:03:35,26,Asymmetric,Normal,0.0
2026-05-16 20:03:36,27,Asymmetric,Normal,0.0
2026-05-16 20:03:36,27,Asymmetric,Normal,0.0
2026-05-16 20:03:37,28,Asymmetric,Normal,0.0
2026-05-16 20:03:37,28,Asymmetric,Normal,0.0
2026-05-16 20:03:38,29,Asymmetric,Normal,0.0
2026-05-16 20:03:39,30,Asymmetric,Normal,0.3736814260482788
2026-05-16 20:03:39,30,Asymmetric,Normal,0.3736814260482788
2026-05-16 20:03:40,31,Asymmetric,Normal,0.3736814260482788
2026-05-16 20:03:40,31,Asymmetric,Normal,0.3736814260482788
2026-05-16 20:03:41,32,Asymmetric,Normal,0.3736814260482788
2026-05-16 20:03:41,32,Asymmetric,Normal,0.3736814260482788
2026-05-16 20:03:42,33,Asymmetric,Normal,0.3736814260482788
2026-05-16 20:03:42,33,Asymmetric,Normal,0.3736814260482788
2026-05-16 20:03:43,34,Asymmetric,Normal,0.3736814260482788
2026-05-16 20:03:43,34,Asymmetric,Normal,0.3736814260482788
2026-05-16 20:03:44,35,Asymmetric,Normal,0.3736814260482788
2026-05-16 20:03:44,35,Asymmetric,Normal,0.3736814260482788
2026-05-16 20:03:45,36,Asymmetric,Normal,0.3736814260482788
